{
    "id": 155,
    "version": "3.9.0",
    "description": "全版本新增\r\n支持镜像Ubuntu-24.04.1-x64\r\n\r\n\r\n优化\r\n实例流量计费重置时间优化为开通时间前后5分钟之内\r\n添加IPV6增加起始IP和结束IP的判断\r\nISO列表支持查看挂载的实例\r\n\r\n\r\n修复\r\n不同节点冷备份并发进行\r\nNAT实例迁移后端口变更问题\r\nHyper-V节点内存限制显示问题\r\nwhmcs多IP开通问题\r\nCentOS6系列镜像重装问题\r\n资源包客户端创建磁盘报错问题\r\nIPV6地址的IP-MAC绑定优化\r\n文件夹权限问题导致备份还原失败",
    "type": 1,
    "md5": "",
    "support_version": "3.6.13",
    "authorize_type": 0,
    "update_time": "2024-12-24 11:19:00",
    "update_type": 0,
    "single_md5": "",
    "ctl_md5": "7574fced9b904aae6ef034a55c64e19e",
    "web_md5": "a3754666c21a1cd4cb228346af3e52c8",
    "compute_md5": ""
}