{
    "id": 132,
    "version": "3.6.54",
    "description": "新增\r\n新增AlmaLinux-8.8、AlmaLinux-9.2、OpenEuler-22.03官方镜像\r\n支持流量超额后进行限速操作\r\n新增实例用量统计插件\r\n\r\n优化\r\n支持转发建站的实例，不允许切换网络类型\r\n\r\n\r\n修复\r\n节点停用时，允许添加实例磁盘\r\n被控升级报错问题\r\n系统监控提示问题\r\n冷迁移后的部分操作导致密码被还原问题\r\n备份中，机器还能发起重装的操作问题",
    "type": 1,
    "md5": "",
    "support_version": "3.6.13",
    "authorize_type": 0,
    "update_time": "2023-07-04 18:02:24",
    "update_type": 0,
    "single_md5": "",
    "ctl_md5": "3fcd36d5337b0318f50ff25f4abfc713",
    "web_md5": "c7d74128267d70f2d2a0769cf9542d05",
    "compute_md5": ""
}