{
    "id": 166,
    "version": "3.9.18",
    "description": "注意\r\n\r\n<p style=\"color:red;font-size:\">本次更新将存储节点纳入授权管理，自建集群及没有官方集群维护支持的用户请谨慎升级!</p>\r\n\r\n新增\r\n\r\n1. 云数据库(MySQL)功能\r\n2. 实例列表支持IP段查询(支持通过IP段查询对应的IP绑定实例列表)\r\n3. 魔方云镜像开机脚本按节点或按节点区域进行划分\r\n4. 客户端增加真实IP获取配置\r\n5. 增加不保存实例密码功能\r\n6. 新增长期流量包功能\r\n\r\n优化\r\n\r\n1. 云实例详情页面ipv6地址列表调整为10条/页\r\n2. 魔方云获取访问的真实IP地址优化\r\n3. 删除实例一并删除实例内页的备份\r\n4. 修复一些已知安全漏洞\r\n5. 回收站删除权限独立",
    "type": 1,
    "md5": "",
    "support_version": "3.6.13",
    "authorize_type": 0,
    "update_time": "2025-12-25 16:01:00",
    "update_type": 0,
    "single_md5": "",
    "ctl_md5": "2279f72eb1f589f9225ba169e36c70c6",
    "web_md5": "b6e7963133431ab43ee0d5e66ba5f24c",
    "compute_md5": ""
}