{
    "id": 122,
    "version": "3.6.14",
    "description": "<span style=\"color:red\">本次更新后Hyper-V节点必须更新<a href=\"https://www.idcsmart.com/wiki_list/892.html\" target=\"_blank\">安装包</a>和<a href=\"https://www.idcsmart.com/wiki_list/903.html\" target=\"_blank\">镜像</a>，否则无法创建实例</span>\r\n\r\n全版本新增\r\nTrunk节点下的实例支持第二张网卡\r\n透明网络支持添加多网卡\r\nHyper-V新镜像\r\n插件增加Google二次验证功能\r\n插件增加磁盘默认速度限制功能\r\n插件增加系统白名单功能\r\nLinux数据盘自动挂载支持xfs文件格式\r\n魔方云授权码增加普惠版类型适配\r\n\r\n专业版新增\r\n克隆和重置密码支持SSH密钥\r\n\r\n优化\r\n底层逻辑优化\r\nWhmcs升级流量后自动解除暂停功能\r\nWhmcs备份/快照状态，升降级操作加入任务等待\r\n关机状态下，创建快照时间优化\r\n镜像管理/iso管理，添加数据格式优化\r\n透明网络显示优化\r\n冷备份逻辑优化，增加超时处理时间\r\n磁盘备份超时时间优化\r\n存储管理，状态类型优化\r\n定时备份/快照任务，支持设置开始创建时间\r\nKVM加强版，Windows系统光驱占用D盘盘符问题\r\n被控状态不正常时，不支持修改独立vnc信息\r\n任务日志增加条件搜索\r\nLinux镜像类型的数据盘自动挂载支持2TB及以上\r\nWhmcs插件增加救援系统功能\r\n\r\n修复\r\nSSL证书问题\r\nHyper-v节点实例显示问题\r\n数据库备份还原操作问题\r\n升级后节点未显示cpu、内存使用率的问题\r\n镜像管理页面，重复显示相同节点存储数据\r\nCentos8 Stream节点，远程冷备份问题\r\n管理员账号权限问题\r\n节点开机自启动实例问题\r\nCEPH存储的磁盘，备份操作报错问题\r\n系统监控页面，节点显示问题修复\r\n系统监控页面，节点状态监控节点编辑问题\r\nWhmcs对接开通产品报错问题\r\nHyper-V实例两张网卡导致重装后无法通网问题\r\nCentos8 Stream节点的实例，备份问题\r\n经典网络的实例重置密码后，多IP配置问题\r\nTrunk模式节点，可以vlan填写0的问题\r\nCEPH备份失败，文件残留问题",
    "type": 1,
    "md5": "",
    "support_version": "3.5.11",
    "authorize_type": 0,
    "update_time": "2023-02-02 11:29:02",
    "update_type": 1,
    "single_md5": "",
    "ctl_md5": "bdeb20dd40743dfcf511295fc4d5e449",
    "web_md5": "1e62c7e94835fd675bedf6c829f23dfd",
    "compute_md5": ""
}