{
    "id": 131,
    "version": "3.6.51",
    "description": "全版本新增\r\n节点连接失败，允许删除实例数据\r\n创建实例，增加默认网卡驱动选项（自定义参数：niccard|网卡驱动  1|Realtek 8139   2|Intel PRO/1000   3|Virtio）\r\n备份和快照时间间隔限制插件\r\n备份和快照增加终止任务功能\r\n新增官方镜像Rocky-linux-8.8\r\n新增官方镜像Rocky-linux-9.2\r\n\r\n\r\n专业版新增\r\n\r\n主控高可用（官网已提供操作步骤）\r\n\r\n优化\r\nHyper-V节点开通实例，增加“内存占用最低”优选分配功能\r\nUbantu22 网卡配置文件优化\r\nWhmcs纯英文版显示优化\r\nCeph存储池容量显示优化\r\n白名单功能增加备注\r\nCeph磁盘定时备份自动删除问题\r\nWhmcs管理魔方云实例，创建备份/快照时，显示优化\r\n全局搜索支持kvmID（例如：kvm111）搜索\r\n非超级管理员成员创建的账户权限问题\r\n系统监控增加发送警告通知前的连续触发次数\r\nHyper-V实例导致cpu占用过高优化(对应Hyper-V2.0.5版本）\r\n回收站实例删除失败处理结果优化\r\nHyper-V实例修改配置、重置密码、增加IP地址，增加软关机尝试机制\r\nIP段增加批量编辑功能\r\n磁盘扩容超时时间优化\r\n迁移目标节点增加区域分组层级显示\r\nIP分组显示优化\r\n主控高可用授权优化\r\n掉线迁移逻辑优化\r\n镜像详情页面显示优化\r\n升级与授权页面，修复节点、本地存储热迁移、滥用管理、智能CPU、智能带宽购买功能\r\n\r\n修复\r\nHyper-V节点实例重置密码失败后操作日志显示问题\r\nCantos7环境，重装实例格式化数据盘失败问题\r\nUbuntu系列镜像，重启操作后网卡名变更问题\r\n解决Centos6系列镜像，磁盘扩容问题\r\nKVM加强版Windows2003版本扩容问题\r\nVPC网络MTU异常问题\r\n对接Whmcs安全组无法共用问题\r\n镜像下载速度单位显示问题、\r\n自定义证书保存报错问题\r\n智能带宽限速触发与恢复问题\r\nCeph磁盘定时备份自动删除问题\r\nHyper-v Centos8.2镜像更新，解决密码、IP问题\r\nISO镜像管理页面，镜像下载状态显示问题\r\nUbuntu系列镜像硬重启问题修复\r\nWindows重装为Linux，报数据盘格式化错误的问题\r\nWhmcs会员中心，内存用量图显示问题\r\n磁盘管理-挂载磁盘数据显示问题\r\n磁盘容量使用未识别完所有磁盘\r\n控制台端口与已存在的实例冲突",
    "type": 1,
    "md5": "",
    "support_version": "3.6.13",
    "authorize_type": 0,
    "update_time": "2023-06-27 10:45:55",
    "update_type": 1,
    "single_md5": "",
    "ctl_md5": "69bcc7fde9b4cab2a10144a06fe65852",
    "web_md5": "44f940e5cba6c689f5bee5569132e392",
    "compute_md5": ""
}