{
    "id": 145,
    "version": "3.7.18",
    "description": "全版本新增\r\nISO管理支持删除ISO文件功能\r\n\r\n\r\n优化\r\n磁盘备份支持备份到其他CEPH存储中\r\n实例内页显示磁盘实际占用\r\n\r\n\r\n修复\r\n修复链接创建得实例重装问题\r\n资源包相关问题修复",
    "type": 1,
    "md5": "",
    "support_version": "3.6.13",
    "authorize_type": 0,
    "update_time": "0000-00-00 00:00:00",
    "update_type": 0,
    "single_md5": "",
    "ctl_md5": "40c3d085b7052d1c178b4e3077ef7faf",
    "web_md5": "adc913796167b666580fb6a6f16d89fa",
    "compute_md5": ""
}