{
    "id": 135,
    "version": "3.7.0",
    "description": "\r\n全版本新增\r\n新增魔方云官方镜像Debian12\r\n新增windows英文版救援系统\r\n数据库远程备份插件（支持阿里云OSS）\r\n\r\n优化\r\nIPV4页面、节点管理页面、镜像管理页面显示优化\r\n\r\n\r\n修复\r\n滥用管理程序模块授权节点配置问题\r\n节点管理页面不显示磁盘数据\r\n\r\n\r\n接口变更\r\n\r\n镜像管理\r\nISO管理\r\n数据库-备份规则",
    "type": 1,
    "md5": "",
    "support_version": "3.6.13",
    "authorize_type": 0,
    "update_time": "2023-08-07 15:59:47",
    "update_type": 0,
    "single_md5": "",
    "ctl_md5": "5fe725dd2f2caec685cb352e0b261f0b",
    "web_md5": "e628120d950d74eb9d5e04322d65b9bf",
    "compute_md5": ""
}