{
    "id": 147,
    "version": "3.7.21",
    "description": "全版本新增\r\n魔方云对接WHMCS的插件增加魔方云系统流量提醒\r\n增加超流限速解除按钮\r\n节点管理支持拖动排序功能\r\nISO管理支持删除ISO文件功能\r\n\r\n专业版新增\r\n支持GPU服务器自动开通（gpu_num|GPU数量）\r\n\r\n优化\r\n实例开通增加节点选择优先级选项4|填满一个（node_priority|节点选择优先级）\r\n节点内页迁移，增加日志记录\r\n数据库日志增加15天后自动清理逻辑\r\n节点升级时，定时任务处理逻辑优化\r\nCEPH存储下的磁盘创建/删除快照逻辑优化\r\n热迁移更改节点主机名逻辑优化\r\n导出实例信息增加端口数据\r\n磁盘备份支持备份到其他CEPH存储中\r\n实例内页显示磁盘实际占用\r\n客户端增加显示弹性IP菜单列表，并支持分配/空闲功能\r\n客户端磁盘管理页面，独立磁盘支持挂载/卸载功能\r\n\r\n修复\r\n资源包切换时，无法识别节点和存储\r\nwhmcs问题修复\r\nWindows系统多IP实例，重置密码问题\r\n多个实例使用同一张内网网卡时，删除其中一个实例导致内网断网问题\r\n轻量版实例绑定安全组时，重装失败问题\r\n接口：按数据量添加IP地址提示IP数量不足问题\r\n硬件直通卸载问题\r\n轻量版无法使用centOS6系列镜像问题\r\n修复链接创建的实例重装问题\r\n资源包相关问题修复\r\nUbantu/Debian镜像的实例，IP配置失败问题\r\n独立磁盘扩容失败的问题\r\n\r\n接口\r\n实例列表接口增加显示流量已用量",
    "type": 1,
    "md5": "",
    "support_version": "3.6.13",
    "authorize_type": 0,
    "update_time": "2024-06-20 13:56:28",
    "update_type": 1,
    "single_md5": "",
    "ctl_md5": "735ee3bb16121d2c6dcd8512ef653723",
    "web_md5": "a90b888c3ee2891264e1916e3bf7e5b8",
    "compute_md5": ""
}