{
    "id": 128,
    "version": "3.6.48",
    "description": "全版本新增\r\n备份和快照时间间隔限制插件\r\n备份和快照增加终止任务功能\r\n\r\n\r\n优化\r\n镜像详情页面显示优化\r\n升级与授权页面，修复节点、本地存储热迁移、滥用管理、智能CPU、智能带宽购买功能\r\n\r\n修复\r\n磁盘容量使用未识别完所有磁盘\r\n控制台端口与已存在的实例冲突\r\n购买逻辑对接v10管理系统",
    "type": 1,
    "md5": "",
    "support_version": "3.6.13",
    "authorize_type": 0,
    "update_time": "2023-06-06 18:43:53",
    "update_type": 0,
    "single_md5": "",
    "ctl_md5": "c6c2853df68d2df4b2598ea02e6a84d7",
    "web_md5": "e0b23f400aa6a33092092ae7fd4d7374",
    "compute_md5": ""
}