{
    "id": 149,
    "version": "3.8.1",
    "description": "全版本新增\r\n魔方云安装环境：支持TencentOS Server3.1，已验证TencentOS-Server-3.1-TK4-x86_64-everything版本\r\n实例内页图表增加展示95计费数据\r\n\r\n优化\r\n实例用量统计插件增加镜像分组筛选\r\n针对近期发现的一些已知安全风险，进行系统功能逻辑安全性升级\r\n\r\n修复\r\n节点升级问题\r\n节点排序问题",
    "type": 1,
    "md5": "",
    "support_version": "3.6.13",
    "authorize_type": 0,
    "update_time": "2024-07-11 14:25:02",
    "update_type": 1,
    "single_md5": "",
    "ctl_md5": "05cc9e622f6fb69ead414486dbc681ea",
    "web_md5": "32ec23ae90b2b0791c61bf93893c6cc2",
    "compute_md5": ""
}