{
    "id": 138,
    "version": "3.7.6",
    "description": "优化\r\n优化实例SSH密钥登陆方式\r\nDebian-12.0_x64镜像优化\r\n\r\n修复\r\n实例内页，删除IP显示问题\r\n轻量版实例内页，数据显示问题\r\n本地存储热迁移问题",
    "type": 1,
    "md5": "",
    "support_version": "3.6.13",
    "authorize_type": 0,
    "update_time": "2023-10-26 15:22:15",
    "update_type": 0,
    "single_md5": "",
    "ctl_md5": "8f0bde599ffd20d159cb14a77d883702",
    "web_md5": "7c0843fdd063461aeec159e959641810",
    "compute_md5": ""
}