{
    "id": 150,
    "version": "3.8.2",
    "description": "优化\r\n重装时格式化数据盘写入日志\r\n冷备份保留份数最大增加至5份\r\n\r\n修复\r\n定时备份/快照执行频率问题\r\nHyper-V链接创建问题\r\n实例超流暂停后，增加流量解除暂停问题",
    "type": 1,
    "md5": "",
    "support_version": "3.6.13",
    "authorize_type": 0,
    "update_time": "2024-08-28 13:56:53",
    "update_type": 0,
    "single_md5": "",
    "ctl_md5": "08412ce9c754739762e75d1796658937",
    "web_md5": "9bfd8fd4f162d6f618edafc1fe2878a9",
    "compute_md5": ""
}