{
    "id": 144,
    "version": "3.7.16",
    "description": "全版本新增\r\n节点管理也支持拖动排序功能\r\n\r\n优化\r\n导出实例信息增加端口数据\r\n\r\n修复\r\n多个实例使用同一张内网网卡时，删除其中一个实例导致内网断网问题\r\n轻量版实例绑定安全组时，重装失败问题\r\n硬件直通卸载问题\r\n轻量版无法使用centOS6系列镜像问题\r\n接口：按数据量添加IP地址提示IP数量不足问题",
    "type": 1,
    "md5": "",
    "support_version": "3.6.13",
    "authorize_type": 0,
    "update_time": "2024-03-12 13:47:50",
    "update_type": 0,
    "single_md5": "",
    "ctl_md5": "56bb19e4b060bb4fc6068771d5f1b9e6",
    "web_md5": "589e8a86739fd8823578f9fb3f559917",
    "compute_md5": ""
}