{
    "id": 134,
    "version": "3.6.55",
    "description": "全版本新增\r\n新增AlmaLinux-8.8、AlmaLinux-9.2、OpenEuler-22.03官方镜像\r\n支持流量超额后进行限速操作\r\n新增实例用量统计插件\r\n增加显示节点磁盘IO读写数据\r\n节点内页新增分配CPU限额功能设置\r\n\r\n优化\r\n支持转发建站的实例，不允许切换网络类型\r\n客户端支持批量重装功能\r\n\r\n\r\n修复\r\n节点停用时，允许添加实例磁盘\r\n被控升级报错问题\r\n系统监控提示问题\r\n冷迁移后的部分操作导致密码被还原问题\r\n备份中，机器还能发起重装的操作问题\r\n实例克隆后远程端口问题修复\r\n服务支持时间到期导致的问题\r\n滥用管理程序模块授权节点配置问题",
    "type": 1,
    "md5": "",
    "support_version": "3.6.13",
    "authorize_type": 0,
    "update_time": "2023-07-26 14:26:23",
    "update_type": 1,
    "single_md5": "",
    "ctl_md5": "85e7e2df675c865c27656f4132d8d261",
    "web_md5": "9209c092218822d8e76b5ae74ca183a3",
    "compute_md5": ""
}