{
    "id": 152,
    "version": "3.8.6",
    "description": "全版本新增\r\nWhmcs实现多IP分组设置\r\n\r\n\r\n优化\r\nHyper-V安全组默认规则优化\r\n\r\n\r\n修复\r\n域名节点，热迁移报错问题\r\n实例数据采集问题\r\nCentOS6.x系列重置密码问题",
    "type": 1,
    "md5": "",
    "support_version": "3.6.13",
    "authorize_type": 0,
    "update_time": "2024-10-18 00:04:45",
    "update_type": 0,
    "single_md5": "",
    "ctl_md5": "d4393ea2503ef27484745eeb4fe62d68",
    "web_md5": "71d5ff26812c634ce89530c744502d5f",
    "compute_md5": ""
}