{
    "id": 160,
    "version": "3.9.8",
    "description": "全版本新增\r\n1.trunk节点支持IPv6\r\n\r\n修复\r\n1. 修复网络断开重连后IPv6的MAC绑定失效的问题。\r\n\r\n优化\r\n1. Ubuntu-24.04.1-x64轻量版节点不能自动设置端口\r\n2. 提升安全性，编辑FTP连接信息时隐藏已保存密码。\r\n",
    "type": 1,
    "md5": "",
    "support_version": "3.6.13",
    "authorize_type": 0,
    "update_time": "2025-04-29 15:39:18",
    "update_type": 0,
    "single_md5": "",
    "ctl_md5": "52d01991dbabd124172819f5d4e0abe1",
    "web_md5": "b1d39ff9ac9d2f6f8e9b1a431d467482",
    "compute_md5": ""
}