[
    {
        "id": 1,
        "name": "CentOS-7.6.1810-x64.qcow2",
        "version": "3.0.0",
        "support_version": "3.3.8",
        "detailed": "{\"image_group_id\":2,\"name\":\"CentOS-7.6.1810-x64\"}",
        "support_init": 1,
        "status": 1
    },
    {
        "id": 2,
        "name": "CentOS-8.1.1911-x64.qcow2",
        "version": "3.0.0",
        "support_version": "3.3.8",
        "detailed": "{\"image_group_id\":2,\"name\":\"CentOS-8.1.1911-x64\"}",
        "support_init": 1,
        "status": 1
    },
    {
        "id": 3,
        "name": "Debian-9.12.1-x64.qcow2",
        "version": "3.0.0",
        "support_version": "3.3.8",
        "detailed": "{\"image_group_id\":4,\"name\":\"Debian-9.12.1-x64\"}",
        "support_init": 1,
        "status": 1
    },
    {
        "id": 4,
        "name": "Debian-10.3.3-x64.qcow2",
        "version": "3.0.0",
        "support_version": "3.3.8",
        "detailed": "{\"image_group_id\":4,\"name\":\"Debian-10.3.3-x64\"}",
        "support_init": 1,
        "status": 1
    },
    {
        "id": 6,
        "name": "Ubuntu-16.04-x64.qcow2",
        "version": "3.0.0",
        "support_version": "3.3.8",
        "detailed": "{\"image_group_id\":3,\"name\":\"Ubuntu-16.04-x64\"}",
        "support_init": 1,
        "status": 1
    },
    {
        "id": 7,
        "name": "Ubuntu-18.04-x64.qcow2",
        "version": "3.0.0",
        "support_version": "3.3.8",
        "detailed": "{\"image_group_id\":3,\"name\":\"Ubuntu-18.04-x64\"}",
        "support_init": 1,
        "status": 1
    },
    {
        "id": 8,
        "name": "Windows-2008R2-Datacenter-cn.qcow2",
        "version": "3.0.1",
        "support_version": "3.3.8",
        "detailed": "{\"image_group_id\":1,\"name\":\"Windows-2008R2-Datacenter-cn\"}",
        "support_init": 1,
        "status": 1
    },
    {
        "id": 9,
        "name": "Windows-2012R2-Datacenter-cn.qcow2",
        "version": "3.0.1",
        "support_version": "3.3.8",
        "detailed": "{\"image_group_id\":1,\"name\":\"Windows-2012R2-Datacenter-cn\"}",
        "support_init": 1,
        "status": 1
    },
    {
        "id": 10,
        "name": "Windows-2016-Datacenter-cn.qcow2",
        "version": "3.0.1",
        "support_version": "3.3.8",
        "detailed": "{\"image_group_id\":1,\"name\":\"Windows-2016-Datacenter-cn\"}",
        "support_init": 1,
        "status": 1
    },
    {
        "id": 11,
        "name": "Windows-2019-Datacenter-cn.qcow2",
        "version": "3.0.1",
        "support_version": "3.3.8",
        "detailed": "{\"image_group_id\":1,\"name\":\"Windows-2019-Datacenter-cn\"}",
        "support_init": 1,
        "status": 1
    },
    {
        "id": 13,
        "name": "CentOS-7.0.1406-x64.qcow2",
        "version": "2.0.6",
        "support_version": "2.1.8",
        "detailed": "{\"image_group_id\":2,\"name\":\"CentOS-7.0.1406-x64\"}",
        "support_init": 0,
        "status": 1
    },
    {
        "id": 14,
        "name": "CentOS-7.1.1503-x64.qcow2",
        "version": "3.0.0",
        "support_version": "3.3.8",
        "detailed": "{\"image_group_id\":2,\"name\":\"CentOS-7.1.1503-x64\"}",
        "support_init": 1,
        "status": 1
    },
    {
        "id": 15,
        "name": "CentOS-7.2.1511-x64.qcow2",
        "version": "3.0.0",
        "support_version": "3.3.8",
        "detailed": "{\"image_group_id\":2,\"name\":\"CentOS-7.2.1511-x64\"}",
        "support_init": 1,
        "status": 1
    },
    {
        "id": 16,
        "name": "CentOS-7.3.1611-x64.qcow2",
        "version": "3.0.0",
        "support_version": "3.3.8",
        "detailed": "{\"image_group_id\":2,\"name\":\"CentOS-7.3.1611-x64\"}",
        "support_init": 1,
        "status": 1
    },
    {
        "id": 17,
        "name": "CentOS-7.4.1708-x64.qcow2",
        "version": "3.0.0",
        "support_version": "3.3.8",
        "detailed": "{\"image_group_id\":2,\"name\":\"CentOS-7.4.1708-x64\"}",
        "support_init": 1,
        "status": 1
    },
    {
        "id": 18,
        "name": "CentOS-7.5.1804-x64.qcow2",
        "version": "3.0.0",
        "support_version": "3.3.8",
        "detailed": "{\"image_group_id\":2,\"name\":\"CentOS-7.5.1804-x64\"}",
        "support_init": 1,
        "status": 1
    },
    {
        "id": 19,
        "name": "CentOS-7.7.1908-x64.qcow2",
        "version": "3.0.1",
        "support_version": "3.3.8",
        "detailed": "{\"image_group_id\":2,\"name\":\"CentOS-7.7.1908-x64\"}",
        "support_init": 1,
        "status": 1
    },
    {
        "id": 20,
        "name": "CentOS-7.8.2003-x64.qcow2",
        "version": "3.0.0",
        "support_version": "3.3.8",
        "detailed": "{\"image_group_id\":2,\"name\":\"CentOS-7.8.2003-x64\"}",
        "support_init": 1,
        "status": 1
    },
    {
        "id": 21,
        "name": "CentOS-7.8.2003-x64-BT.qcow2",
        "version": "2.0.6",
        "support_version": "2.1.8",
        "detailed": "{\"image_group_id\":2,\"name\":\"CentOS-7.8.2003-x64-BT\"}",
        "support_init": 0,
        "status": 1
    },
    {
        "id": 22,
        "name": "CentOS-8.0.1905-x64.qcow2",
        "version": "2.0.5",
        "support_version": "2.1.8",
        "detailed": "{\"image_group_id\":2,\"name\":\"CentOS-8.0.1905-x64\"}",
        "support_init": 0,
        "status": 1
    },
    {
        "id": 23,
        "name": "CentOS-8.2.2004-x64.qcow2",
        "version": "3.0.0",
        "support_version": "3.3.8",
        "detailed": "{\"image_group_id\":2,\"name\":\"CentOS-8.2.2004-x64\"}",
        "support_init": 1,
        "status": 1
    },
    {
        "id": 32,
        "name": "Linux_Rescue.qcow2",
        "version": "3.0.0",
        "support_version": "3.6.11",
        "detailed": "{\"image_group_id\":2,\"name\":\"Linux_Rescue\"}",
        "support_init": 1,
        "status": 1
    },
    {
        "id": 33,
        "name": "Windows_Rescue.qcow2",
        "version": "3.0.0",
        "support_version": "3.6.11",
        "detailed": "{\"image_group_id\":1,\"name\":\"Windows_Rescue\"}",
        "support_init": 1,
        "status": 1
    },
    {
        "id": 34,
        "name": "CentOS-6.8.1607-x64.qcow2",
        "version": "3.0.0",
        "support_version": "3.6.10",
        "detailed": "{\"image_group_id\":2,\"name\":\"CentOS-6.8.1607-x64\"}",
        "support_init": 1,
        "status": 1
    },
    {
        "id": 35,
        "name": "CentOS-6.10.1907-x64.qcow2",
        "version": "3.0.0",
        "support_version": "3.6.10",
        "detailed": "{\"image_group_id\":2,\"name\":\"CentOS-6.10.1907-x64\"}",
        "support_init": 1,
        "status": 1
    },
    {
        "id": 36,
        "name": "Windows-2003-Enterprise-cn.qcow2",
        "version": "3.0.3",
        "support_version": "3.5.11",
        "detailed": "{\"image_group_id\":1,\"name\":\"Windows-2003-Enterprise-cn\"}",
        "support_init": 1,
        "status": 1
    },
    {
        "id": 37,
        "name": "Windows7_enterprise-cn.qcow2",
        "version": "3.0.1",
        "support_version": "3.3.8",
        "detailed": "{\"image_group_id\":1,\"name\":\"Windows7_enterprise-cn\"}",
        "support_init": 1,
        "status": 1
    },
    {
        "id": 38,
        "name": "Windows10-cn.qcow2",
        "version": "3.0.2",
        "support_version": "3.3.8",
        "detailed": "{\"image_group_id\":1,\"name\":\"Windows10-cn\"}",
        "support_init": 1,
        "status": 1
    },
    {
        "id": 39,
        "name": "Ubuntu-20.04.1-x64.qcow2",
        "version": "3.0.0",
        "support_version": "3.3.8",
        "detailed": "{\"image_group_id\":3,\"name\":\"Ubuntu-20.04.1-x64\"}",
        "support_init": 1,
        "status": 1
    },
    {
        "id": 40,
        "name": "CentOS-5.9-x64.qcow2",
        "version": "3.0.0",
        "support_version": "3.5.11",
        "detailed": "{\"image_group_id\":2,\"name\":\"CentOS-5.9-x64\"}",
        "support_init": 1,
        "status": 1
    },
    {
        "id": 41,
        "name": "CentOS-6.3.1206-x64.qcow2",
        "version": "3.0.0",
        "support_version": "3.6.10",
        "detailed": "{\"image_group_id\":2,\"name\":\"CentOS-6.3.1206-x64\"}",
        "support_init": 1,
        "status": 1
    },
    {
        "id": 42,
        "name": "CentOS-6.7.1504-x64.qcow2",
        "version": "3.0.0",
        "support_version": "3.6.10",
        "detailed": "{\"image_group_id\":2,\"name\":\"CentOS-6.7.1504-x64\"}",
        "support_init": 1,
        "status": 1
    },
    {
        "id": 43,
        "name": "CentOS-6.9.1704-x64.qcow2",
        "version": "3.0.0",
        "support_version": "3.6.10",
        "detailed": "{\"image_group_id\":2,\"name\":\"CentOS-6.9.1704-x64\"}",
        "support_init": 1,
        "status": 1
    },
    {
        "id": 44,
        "name": "Fedora-25-x64.qcow2",
        "version": "3.0.0",
        "support_version": "3.3.8",
        "detailed": "{\"image_group_id\":8,\"name\":\"Fedora-25-x64\"}",
        "support_init": 1,
        "status": 1
    },
    {
        "id": 45,
        "name": "Fedora-26-x64.qcow2",
        "version": "3.0.0",
        "support_version": "3.3.8",
        "detailed": "{\"image_group_id\":8,\"name\":\"Fedora-26-x64\"}",
        "support_init": 1,
        "status": 1
    },
    {
        "id": 46,
        "name": "Fedora-27-x64.qcow2",
        "version": "3.0.0",
        "support_version": "3.3.8",
        "detailed": "{\"image_group_id\":8,\"name\":\"Fedora-27-x64\"}",
        "support_init": 1,
        "status": 1
    },
    {
        "id": 47,
        "name": "Fedora-28-x64.qcow2",
        "version": "3.0.0",
        "support_version": "3.3.8",
        "detailed": "{\"image_group_id\":8,\"name\":\"Fedora-28-x64\"}",
        "support_init": 1,
        "status": 1
    },
    {
        "id": 48,
        "name": "Fedora-29-x64.qcow2",
        "version": "3.0.0",
        "support_version": "3.3.8",
        "detailed": "{\"image_group_id\":8,\"name\":\"Fedora-29-x64\"}",
        "support_init": 1,
        "status": 1
    },
    {
        "id": 49,
        "name": "Fedora-30-x64.qcow2",
        "version": "3.0.0",
        "support_version": "3.3.8",
        "detailed": "{\"image_group_id\":8,\"name\":\"Fedora-30-x64\"}",
        "support_init": 1,
        "status": 1
    },
    {
        "id": 50,
        "name": "Fedora-31-x64.qcow2",
        "version": "3.0.0",
        "support_version": "3.3.8",
        "detailed": "{\"image_group_id\":8,\"name\":\"Fedora-31-x64\"}",
        "support_init": 1,
        "status": 1
    },
    {
        "id": 51,
        "name": "Fedora-32-x64.qcow2",
        "version": "1.0.0",
        "support_version": "2.2.0",
        "detailed": "{\"image_group_id\":8,\"name\":\"Fedora-32-x64\"}",
        "support_init": 0,
        "status": 1
    },
    {
        "id": 52,
        "name": "CentOS-6.10.1907-x32.qcow2",
        "version": "1.0.0",
        "support_version": "2.1.0",
        "detailed": "{\"image_group_id\":2,\"name\":\"CentOS-6.10.1907-x32\"}",
        "support_init": 0,
        "status": 1
    },
    {
        "id": 53,
        "name": "Windows-2008R2-Enterprise-cn.qcow2",
        "version": "1.0.0",
        "support_version": "2.2.0",
        "detailed": "{\"image_group_id\":1,\"name\":\"Windows-2008R2-Enterprise-cn\"}",
        "support_init": 0,
        "status": 1
    },
    {
        "id": 54,
        "name": "Windows-2012R2-Standard-cn.qcow2",
        "version": "1.0.0",
        "support_version": "2.2.0",
        "detailed": "{\"image_group_id\":1,\"name\":\"Windows-2012R2-Standard-cn\"}",
        "support_init": 0,
        "status": 1
    },
    {
        "id": 55,
        "name": "Windows-2019-Standard-cn.qcow2",
        "version": "1.0.0",
        "support_version": "2.2.0",
        "detailed": "{\"image_group_id\":1,\"name\":\"Windows-2019-Standard-cn\"}",
        "support_init": 0,
        "status": 1
    },
    {
        "id": 56,
        "name": "Windows-2016-Standard-cn.qcow2",
        "version": "1.0.0",
        "support_version": "2.2.0",
        "detailed": "{\"image_group_id\":1,\"name\":\"Windows-2016-Standard-cn\"}",
        "support_init": 0,
        "status": 1
    },
    {
        "id": 57,
        "name": "Windows-2008R2-Standard-en.qcow2",
        "version": "1.0.0",
        "support_version": "2.2.0",
        "detailed": "{\"image_group_id\":1,\"name\":\"Windows-2008R2-Standard-en\"}",
        "support_init": 0,
        "status": 1
    },
    {
        "id": 58,
        "name": "Windows-2008R2-Datacenter-en.qcow2",
        "version": "1.0.0",
        "support_version": "2.2.0",
        "detailed": "{\"image_group_id\":1,\"name\":\"Windows-2008R2-Datacenter-en\"}",
        "support_init": 0,
        "status": 1
    },
    {
        "id": 59,
        "name": "Windows-2008R2-Standard-cn.qcow2",
        "version": "1.0.0",
        "support_version": "2.2.0",
        "detailed": "{\"image_group_id\":1,\"name\":\"Windows-2008R2-Standard-cn\"}",
        "support_init": 0,
        "status": 1
    },
    {
        "id": 60,
        "name": "Windows-2016-Datacenter-en.qcow2",
        "version": "1.0.1",
        "support_version": "2.2.1",
        "detailed": "{\"image_group_id\":1,\"name\":\"Windows-2016-Datacenter-en\"}",
        "support_init": 0,
        "status": 1
    },
    {
        "id": 61,
        "name": "Windows-2019-Datacenter-en.qcow2",
        "version": "1.0.0",
        "support_version": "2.2.0",
        "detailed": "{\"image_group_id\":1,\"name\":\"Windows-2019-Datacenter-en\"}",
        "support_init": 0,
        "status": 1
    },
    {
        "id": 62,
        "name": "CentOS-8-Stream-x64.qcow2",
        "version": "3.0.0",
        "support_version": "3.3.8",
        "detailed": "{\"image_group_id\":2,\"name\":\"CentOS-8-Stream-x64\"}",
        "support_init": 1,
        "status": 1
    },
    {
        "id": 63,
        "name": "Windows-2022-Datacenter-cn.qcow2",
        "version": "3.0.1",
        "support_version": "3.3.8",
        "detailed": "{\"image_group_id\":1,\"name\":\"Windows-2022-Datacenter-cn\"}",
        "support_init": 1,
        "status": 1
    },
    {
        "id": 64,
        "name": "Arch-Linux-x86_64.qcow2",
        "version": "1.0.0",
        "support_version": "2.2.0",
        "detailed": "{\"image_group_id\":4,\"name\":\"Arch-Linux-x86_64\"}",
        "support_init": 0,
        "status": 1
    },
    {
        "id": 65,
        "name": "Debian-11.1-x64.qcow2",
        "version": "3.0.0",
        "support_version": "3.3.8",
        "detailed": "{\"image_group_id\":4,\"name\":\"Debian-11.1-x64\"}",
        "support_init": 1,
        "status": 1
    },
    {
        "id": 76,
        "name": "CentOS-7.9.2111-x64.qcow2",
        "version": "3.0.0",
        "support_version": "3.3.8",
        "detailed": "{\"image_group_id\":2,\"name\":\"CentOS-7.9.2111-x64\"}",
        "support_init": 1,
        "status": 1
    },
    {
        "id": 88,
        "name": "Ubuntu-22.04-x64.qcow2",
        "version": "3.0.0",
        "support_version": "3.3.8",
        "detailed": "{\"image_group_id\":3,\"name\":\"Ubuntu-22.04-x64\"}",
        "support_init": 1,
        "status": 1
    },
    {
        "id": 90,
        "name": "CentOS-8.3.2011-x64.qcow2",
        "version": "3.0.0",
        "support_version": "3.3.8",
        "detailed": "{\"image_group_id\":2,\"name\":\"CentOS-8.3.2011-x64\"}",
        "support_init": 1,
        "status": 1
    },
    {
        "id": 91,
        "name": "CentOS-8.4.2105-x64.qcow2",
        "version": "3.0.0",
        "support_version": "3.3.8",
        "detailed": "{\"image_group_id\":2,\"name\":\"CentOS-8.4.2105-x64\"}",
        "support_init": 1,
        "status": 1
    },
    {
        "id": 92,
        "name": "CentOS-9-Stream-x64.qcow2",
        "version": "3.0.0",
        "support_version": "3.3.8",
        "detailed": "{\"image_group_id\":2,\"name\":\"CentOS-9-Stream-x64\"}",
        "support_init": 1,
        "status": 1
    },
    {
        "id": 94,
        "name": "CentOS-8.5.2111-x64.qcow2",
        "version": "1.0.0",
        "support_version": "3.6.10",
        "detailed": "{\"image_group_id\":2,\"name\":\"CentOS-8.5.2111-x64\"}",
        "support_init": 1,
        "status": 1
    },
    {
        "id": 95,
        "name": "Windows-2019-Standard-en.qcow2",
        "version": "1.0.0",
        "support_version": "3.3.8",
        "detailed": "{\"image_group_id\":1,\"name\":\"Windows-2019-Standard-en\"}",
        "support_init": 1,
        "status": 1
    },
    {
        "id": 96,
        "name": "Rocky-linux-8.8-x64.qcow2",
        "version": "1.0.0",
        "support_version": "3.6.50",
        "detailed": "{\"image_group_id\":12,\"name\":\"Rocky-linux-8.8-x64\"}",
        "support_init": 1,
        "status": 1
    },
    {
        "id": 97,
        "name": "Rocky-linux-9.2-x64.qcow2",
        "version": "1.0.0",
        "support_version": "3.6.50",
        "detailed": "{\"image_group_id\":12,\"name\":\"Rocky-linux-9.2-x64\"}",
        "support_init": 1,
        "status": 1
    },
    {
        "id": 98,
        "name": "AlmaLinux-8.8-x64.qcow2",
        "version": "1.0.0",
        "support_version": "3.6.54",
        "detailed": "{\"image_group_id\":13,\"name\":\"AlmaLinux-8.8-x64\"}",
        "support_init": 1,
        "status": 1
    },
    {
        "id": 99,
        "name": "AlmaLinux-9.2-x64.qcow2",
        "version": "1.0.0",
        "support_version": "3.6.54",
        "detailed": "{\"image_group_id\":13,\"name\":\"AlmaLinux-9.2-x64\"}",
        "support_init": 1,
        "status": 1
    },
    {
        "id": 100,
        "name": "OpenEuler-22.03-LTS-SP1-x64.qcow2",
        "version": "1.0.0",
        "support_version": "3.6.54",
        "detailed": "{\"image_group_id\":14,\"name\":\"OpenEuler-22.03-LTS-SP1-x64\"}",
        "support_init": 1,
        "status": 1
    }
]